562123,Sondekoppa,Bengaluru Urban
562162,Devamachahalli Narayanapura,Bengaluru Urban
562130,Devamachohalli,Bengaluru Urban
562130,Ganukal,Bengaluru Urban
560091,Muddanapalya Village,Bengaluru Urban
562130,Byalalu,Bengaluru Urban
577522,Dodderi,Bengaluru Urban
562117,Bannikuppe,Bengaluru Urban
560015,Mallasandra North Taluka,Bengaluru Urban
560056,Kariyappanapalya Village,Bengaluru Urban
562201,Ajjanahalli,Bengaluru Urban
562123,Byregowdanahalli,Bengaluru Urban
582115,Venkatapura,Bengaluru Urban
562130,Peddanapalya,Bengaluru Urban
562130,Kolur Gururayanapura,Bengaluru Urban
560074,Kethohalli Narasimhapura,Bengaluru Urban
560074,Kethohalli Ramapura,Bengaluru Urban
562162,Hunnigere,Bengaluru Urban
562130,Ganapathihalli,Bengaluru Urban
560034,Venkatapura North Taluka,Bengaluru Urban
560074,Kolur Nanjundapura,Bengaluru Urban
560074,Kethohalli,Bengaluru Urban
560029,Tavarekere,Bengaluru Urban
562162,Gattisiddanahalli,Bengaluru Urban
562123,Hullegowdanahalli,Bengaluru Urban
562123,Kenganahalli,Bengaluru Urban
560060,Punagumaranahalli,Bengaluru Urban
583102,Kolur,Bengaluru Urban
562109,Kumbalagudu State Forest,Bengaluru Urban
562162,Giddenahalli North Taluka,Bengaluru Urban
562160,Avverahalli,Bengaluru Urban
562123,Bethanagere,Bengaluru Urban
562123,Syadamipalya,Bengaluru Urban
560074,Ramohalli,Bengaluru Urban
562130,Yelachaguppe,Bengaluru Urban
560060,Maligondanahalli,Bengaluru Urban
562123,Bommasettihalli,Bengaluru Urban
563135,Srinivasapura,Bengaluru Urban
562130,Honniganahatti,Bengaluru Urban
562123,Hydalu,Bengaluru Urban
560020,Seshagiripura,Bengaluru Urban
562162,Shivanapura,Bengaluru Urban
562111,Dasenahalli,Bengaluru Urban
560026,Guddadahalli North Taluka,Bengaluru Urban
562123,Hosahalli Palya,Bengaluru Urban
560045,Govindapura North Taluka,Bengaluru Urban
571124,Narasipura,Bengaluru Urban
562123,Muniyanapalya,Bengaluru Urban
562123,Hanumantha Sagara,Bengaluru Urban
560090,Madanaiyakanahalli,Bengaluru Urban
562123,Madavara,Bengaluru Urban
562162,Dombarahalli,Bengaluru Urban
560097,Lakshmipura North Taluka,Bengaluru Urban
562162,Vaddarahalli,Bengaluru Urban
560091,Kachohalli,Bengaluru Urban
560060,Manganahalli,Bengaluru Urban
560060,Kenchanapura,Bengaluru Urban
560060,Ramasandra South Taluka,Bengaluru Urban
560060,Kommaghatta,Bengaluru Urban
560060,Kommaghatta Krishnasagara,Bengaluru Urban
560034,Venkatapura South Taluka,Bengaluru Urban
560060,Kambipura,Bengaluru Urban
560082,Chinnakurchi,Bengaluru Urban
560073,Gangondanahalli,Bengaluru Urban
562123,Bilijaji,Bengaluru Urban
562123,Torenagasandra,Bengaluru Urban
560073,KG Srikantapura,Bengaluru Urban
560049,Seegehalli,Bengaluru Urban
562129,Handrahalli,Bengaluru Urban
560060,Kengeri Satellite Town,Bengaluru Urban
562162,Sasiveghatta,Bengaluru Urban
562114,Kuduragere Near Dasarahalli,Bengaluru Urban
560089,Hesaraghatta Grass Farm,Bengaluru Urban
560056,Visveshwaraya Layout,Bengaluru Urban
560062,Badamanavarthekaval,Bengaluru Urban
560065,Kodigehalli North,Bengaluru Urban
560056,Dodda Gollarahatti,Bengaluru Urban
560060,Kengeri Gollahalli,Bengaluru Urban
560073,Totadaguddadahalli,Bengaluru Urban
572129,Hosahalli,Bengaluru Urban
500018,Bharath Nagar,Bengaluru Urban
560056,Dodda Basti,Bengaluru Urban
560082,Uttari,Bengaluru Urban
562135,Naganayakanahalli,Bengaluru Urban
560056,Chikka Basti,Bengaluru Urban
560090,Tharabana Halli,Bengaluru Urban
560073,Anchepalya,Bengaluru Urban
560091,Andhrahalli,Bengaluru Urban
562123,Thammenahalli,Bengaluru Urban
571433,Byadrahalli,Bengaluru Urban
560082,Nelaguli,Bengaluru Urban
560073,Chikkabidarkal,Bengaluru Urban
560073,Channanayakanapalya,Bengaluru Urban
562103,Thippenahalli,Bengaluru Urban
560073,Kariobanahalli,Bengaluru Urban
560091,Gollarahatti,Bengaluru Urban
560067,Sonnenahalli,Bengaluru Urban
571127,Choudahalli,Bengaluru Urban
560088,Hurali Chikkanahalli,Bengaluru Urban
560068,Muneshwara Nagar,Bengaluru Urban
560090,Kodagi Thirumalapura,Bengaluru Urban
560082,K Chudahalli,Bengaluru Urban
560090,Soladevanahalli,Bengaluru Urban
560073,Tigalarapalya,Bengaluru Urban
560082,Nettigere,Bengaluru Urban
575022,Ullal,Bengaluru Urban
560060,Kengeri,Bengaluru Urban
560091,Aerohalli,Bengaluru Urban
560056,Upkar Layout,Bengaluru Urban
560056,Jnana Bharthi,Bengaluru Urban
560097,Vaderahalli,Bengaluru Urban
560091,Anjana Nagar,Bengaluru Urban
560056,Nagadevanahalli,Bengaluru Urban
560082,Ravugodlu,Bengaluru Urban
500002,Bhavani Nagar,Bengaluru Urban
560060,Hemmigepura,Bengaluru Urban
560088,Ivar Kandapura,Bengaluru Urban
560072,Byraveshwara Nagar,Bengaluru Urban
571118,Kumbarahalli,Bengaluru Urban
560073,Doddabidarakallu,Bengaluru Urban
560091,Muddinapalya,Bengaluru Urban
560060,Kodipalya,Bengaluru Urban
560010,Peenya,Bengaluru Urban
560056,Jnana Ganga Nagar,Bengaluru Urban
560068,Mylasandara,Bengaluru Urban
560091,Sunkadakatte,Bengaluru Urban
560073,Begalakunte,Bengaluru Urban
560029,Venkateshwara Layout,Bengaluru Urban
560062,Anapooraneshwari Layout,Bengaluru Urban
560091,Madeshwara Nagar,Bengaluru Urban
560056,Mallathahalli,Bengaluru Urban
560056,Jnana Bharthi Layout,Bengaluru Urban
560089,Mathkur,Bengaluru Urban
560088,Thammarasanahalli,Bengaluru Urban
560040,Marigenahalli,Bengaluru Urban
560102,Agara,Bengaluru Urban
560073,Nagasandra,Bengaluru Urban
560089,Byatha,Bengaluru Urban
560024,Kempapura,Bengaluru Urban
560088,Kasagattapura,Bengaluru Urban
560056,Jnana Jyothi Nagar,Bengaluru Urban
560062,Tataguni Village,Bengaluru Urban
560082,Somanahalli,Bengaluru Urban
560073,Sidedahalli,Bengaluru Urban
560058,Hegganahalli,Bengaluru Urban
560059,Dubasipalya,Bengaluru Urban
573112,Chikkabanavara,Bengaluru Urban
560072,Srigandada Kavalu,Bengaluru Urban
560109,Rachanamadu,Bengaluru Urban
573116,Kalenahalli,Bengaluru Urban
500085,Gopal Nagar,Bengaluru Urban
571417,Kaggalipura South Taluka,Bengaluru Urban
560072,Nagarbhavi Stage 2,Bengaluru Urban
560060,Ganakal,Bengaluru Urban
560058,Nalagadderanahalli,Bengaluru Urban
560091,Hegganahalli Cross,Bengaluru Urban
560098,Rajarajeshwari Nagar,Bengaluru Urban
560088,Madhugirihalli,Bengaluru Urban
560090,Ganigarahalli,Bengaluru Urban
560056,Mutharayana Nagar,Bengaluru Urban
382016,Gandhinagara,Bengaluru Urban
560090,Chikkasandra,Bengaluru Urban
560072,Nagarbhavi Stage 4,Bengaluru Urban
560072,Chandra Layout Extension,Bengaluru Urban
560098,Halagevaderahalli,Bengaluru Urban
577548,Pattanagere,Bengaluru Urban
560061,Karnpalya,Bengaluru Urban
560062,Pavamanapura,Bengaluru Urban
560109,Nagegowda Palya,Bengaluru Urban
560082,Tharalu,Bengaluru Urban
560091,Sunkadakatte South Taluka,Bengaluru Urban
560089,Seethakempanahalli,Bengaluru Urban
560089,Shivakote,Bengaluru Urban
560088,Kondashetti Halli,Bengaluru Urban
573217,Kalathammanahalli,Bengaluru Urban
560090,Somashetti Halli,Bengaluru Urban
560090,Guddahalli,Bengaluru Urban
560090,Kereguddadahalli,Bengaluru Urban
560015,Abbigere,Bengaluru Urban
560090,Myadarahalli,Bengaluru Urban
560015,Mallasandra,Bengaluru Urban
560057,T Dasarahalli,Bengaluru Urban
560079,Kamakshipalya,Bengaluru Urban
560072,Nagarbhavi,Bengaluru Urban
560039,Nayandahalli,Bengaluru Urban
560082,Thattaguppe,Bengaluru Urban
560058,Laggere,Bengaluru Urban
560088,Bylakere,Bengaluru Urban
560082,Alakabelalu,Bengaluru Urban
560089,Linganahalli,Bengaluru Urban
560072,Nagarbhavi Stage 1,Bengaluru Urban
560090,Guniagrahara,Bengaluru Urban
560083,Gulakamale,Bengaluru Urban
560072,Mudalapalya,Bengaluru Urban
571428,Channasandra,Bengaluru Urban
560097,Vaderahalli South Taluka,Bengaluru Urban
560089,Muthagada Halli,Bengaluru Urban
560015,Jalahalli West,Bengaluru Urban
560015,Kammagondanahalli,Bengaluru Urban
560061,Subramanyapura,Bengaluru Urban
560058,Vaddarapalya,Bengaluru Urban
562112,Gullahatti Kaval,Bengaluru Urban
560097,Lakshmipura,Bengaluru Urban
560013,Jalahalli,Bengaluru Urban
560096,Nandini Layout,Bengaluru Urban
110007,Kamala Nagar,Bengaluru Urban
560072,Chandra Layout,Bengaluru Urban
560039,Pantarapalya,Bengaluru Urban
560062,Uttarahalli Manavarthekaval,Bengaluru Urban
560040,Vijaya Nagar,Bengaluru Urban
560040,Vijaya Nagar Stage 3,Bengaluru Urban
560062,Banashankari Stage 6,Bengaluru Urban
560109,Thalaghattapura,Bengaluru Urban
560090,Medi Agrahara,Bengaluru Urban
560085,Banashankari Stage 3,Bengaluru Urban
560088,Mavallipura,Bengaluru Urban
560072,Chandra Layout Stage 2,Bengaluru Urban
560061,Kodipur,Bengaluru Urban
560089,Mylappanahalli,Bengaluru Urban
560040,Vijaya Nagar North,Bengaluru Urban
560039,Deepanjali Nagar,Bengaluru Urban
560089,Dibburu,Bengaluru Urban
560079,Kurubarahalli,Bengaluru Urban
560079,Basaveshvara Nagar,Bengaluru Urban
121013,Roshan Nagar,Bengaluru Urban
560097,Jalahalli East,Bengaluru Urban
308405,Singapura,Bengaluru Urban
560061,Uttarahalli,Bengaluru Urban
572103,Kuvempu Nagar,Bengaluru Urban
560089,Madappanahalli North Taluka,Bengaluru Urban
560090,Shamarajpura,Bengaluru Urban
560040,Vijaya Nagar Stage 2,Bengaluru Urban
560083,Byatarayana Doddi Village,Bengaluru Urban
560089,Ittagallpura,Bengaluru Urban
560084,Lingarajapura Near Yelehanka,Bengaluru Urban
560097,Chikkabettahalli,Bengaluru Urban
560097,Vidyaranyapura,Bengaluru Urban
560022,Mahalakshmipuram,Bengaluru Urban
560086,Nagapura,Bengaluru Urban
560010,Rajaji Nagar,Bengaluru Urban
560079,Agrahara Dasarahalli,Bengaluru Urban
560026,New Guddadahalli,Bengaluru Urban
560026,Bapuji Nagar,Bengaluru Urban
560092,Byatarayanapura Giri Nagar,Bengaluru Urban
560026,Giri Nagar,Bengaluru Urban
560062,Gabbalalu,Bengaluru Urban
560062,Raghuvanahalli,Bengaluru Urban
560062,Vajarahalli,Bengaluru Urban
560096,Srikanteswara Nagar,Bengaluru Urban
560022,Mahalakshmi Layout,Bengaluru Urban
560026,New Timber Yard Layout,Bengaluru Urban
560061,Vasantapura,Bengaluru Urban
Not Found,Ragihalli Forest,Bengaluru Urban
560026,Padarayanpura West,Bengaluru Urban
560061,Chikkalsandra,Bengaluru Urban
560064,SRR Wimbledon Yelahanka,Bengaluru Urban
560054,Muthyala Nagar,Bengaluru Urban
560023,KP Agrahara,Bengaluru Urban
560050,Banashankari Stage 1,Bengaluru Urban
560062,Bangalore City Municipal Corporation Layout,Bengaluru Urban
560062,Anjanapura Township,Bengaluru Urban
560097,Ramchandrapura,Bengaluru Urban
560023,Cholurpalya,Bengaluru Urban
560090,Veerasagara,Bengaluru Urban
560026,Old Guddadahalli,Bengaluru Urban
110003,Kasturba Nagar,Bengaluru Urban
570008,Ashokapuram,Bengaluru Urban
560061,Uttarahalli South,Bengaluru Urban
560078,ISRO Layout,Bengaluru Urban
560026,Padarayanapura,Bengaluru Urban
560097,MS Palya,Bengaluru Urban
560054,Mohan Kumar Nagar,Bengaluru Urban
560062,Konankunte,Bengaluru Urban
560026,JJR Nagar,Bengaluru Urban
560061,Padmanabhanagar,Bengaluru Urban
560050,Banashankari Stage 5,Bengaluru Urban
560078,Bikaspura,Bengaluru Urban
560064,Honnenahalli,Bengaluru Urban
560062,Narayana Nagar,Bengaluru Urban
560064,Avalahalli Near Yelehanka,Bengaluru Urban
560013,Dodda Bommasandra,Bengaluru Urban
560064,Rajanukunte,Bengaluru Urban
560064,Singanayakanahalli,Bengaluru Urban
560064,Anantapura,Bengaluru Urban
560066,Ramagondanahalli North Taluka,Bengaluru Urban
560064,Yelahanka,Bengaluru Urban
560097,Thindlu,Bengaluru Urban
560094,RMV Stage 2,Bengaluru Urban
560054,Mathikere,Bengaluru Urban
560054,Mathikere Extension,Bengaluru Urban
560055,Malleswaram,Bengaluru Urban
500097,Gayatri Nagar,Bengaluru Urban
560021,LN Puram,Bengaluru Urban
500016,Prakash Nagar,Bengaluru Urban
577418,Ramachandrapura,Bengaluru Urban
562123,Magadi Road Area,Bengaluru Urban
560026,Binnypete,Bengaluru Urban
560053,Cottonpete,Bengaluru Urban
560018,Chamarajpet,Bengaluru Urban
560019,Kempegowda Nagar,Bengaluru Urban
560019,Gavipuram,Bengaluru Urban
560019,Hanumantha Nagar,Bengaluru Urban
560028,Tyagarajanagar,Bengaluru Urban
560070,Banashankari Stage 2,Bengaluru Urban
560078,Kumaraswamy Layout,Bengaluru Urban
571416,Sahanboganhalli,Bengaluru Urban
560083,Bannerughatta Kaval,Bengaluru Urban
560083,Shivanahalli,Bengaluru Urban
560083,Byrappanahalli,Bengaluru Urban
560054,MSR Nagar,Bengaluru Urban
560021,Srirampuram,Bengaluru Urban
560064,Yelahanka New Town,Bengaluru Urban
560097,Virupakshapura,Bengaluru Urban
560065,Kodigehalli,Bengaluru Urban
302019,Devi Nagar,Bengaluru Urban
560080,Sadashiva Nagar,Bengaluru Urban
560020,Seshadripuram,Bengaluru Urban
560023,Sevashrama,Bengaluru Urban
382016,Gandhi Nagar,Bengaluru Urban
560053,Chickpete,Bengaluru Urban
560053,Sultanpete,Bengaluru Urban
606401,Sankarapuram,Bengaluru Urban
560004,Basavanagudi,Bengaluru Urban
560078,Omarbagh Layout,Bengaluru Urban
560078,Ilyas Nagar,Bengaluru Urban
560078,Yalanchenahalli,Bengaluru Urban
560078,Chunchgatta,Bengaluru Urban
560050,Mysore Bank Colony,Bengaluru Urban
560092,Sahakara Nagar,Bengaluru Urban
560094,Sanjay Nagar,Bengaluru Urban
560032,Hebbal,Bengaluru Urban
560080,Armane Nagar,Bengaluru Urban
560002,Nagartapete,Bengaluru Urban
560002,Kalasipalyam,Bengaluru Urban
581421,Mavalli,Bengaluru Urban
560011,Jayanagar East,Bengaluru Urban
560011,Jayanagar,Bengaluru Urban
560078,JP Nagar Phase 1,Bengaluru Urban
560078,JP Nagar Phase 6,Bengaluru Urban
560078,Jarganahalli,Bengaluru Urban
560078,JP Nagar Phase 7,Bengaluru Urban
560083,Kembathahalli,Bengaluru Urban
560083,Weavers Colony,Bengaluru Urban
560083,Pillaganahalli,Bengaluru Urban
560083,Bilwaradahalli,Bengaluru Urban
560083,Ragihalli,Bengaluru Urban
560064,Thimmasandra North Taluka,Bengaluru Urban
560064,Nagadasanahalli,Bengaluru Urban
560064,Gantiganahalli,Bengaluru Urban
560064,Muddanahalli,Bengaluru Urban
560064,Kenchenahalli,Bengaluru Urban
560083,Gottigere,Bengaluru Urban
335001,Ganga Nagar,Bengaluru Urban
560032,Ganga Nagar Extension,Bengaluru Urban
560032,RT Nagar,Bengaluru Urban
560006,Jayamahal,Bengaluru Urban
560052,Vasant Nagar,Bengaluru Urban
560025,Shanthala Nagar,Bengaluru Urban
560020,Sampangiram Nagar,Bengaluru Urban
560078,JP Nagar Phase 5,Bengaluru Urban
560076,Hulimavu,Bengaluru Urban
560076,Classical Orchids Layout,Bengaluru Urban
560076,Kalena Agrahara,Bengaluru Urban
560066,Basavanapura,Bengaluru Urban
560097,Vaderahalli Anekal Taluka,Bengaluru Urban
571108,Kalkere Anekal Taluka,Bengaluru Urban
390021,Laxmipura,Bengaluru Urban
560064,Nellukunte Near Hunasamaranahalli,Bengaluru Urban
560064,Govindapura Near Yelehanka,Bengaluru Urban
560064,Vasudevapura,Bengaluru Urban
561211,Manchenahalli,Bengaluru Urban
560065,Allala Sandra,Bengaluru Urban
560024,Hebbal Kempapura,Bengaluru Urban
560046,JC Nagar,Bengaluru Urban
560105,Begihalli,Bengaluru Urban
562157,Tarahunase,Bengaluru Urban
560051,Shivaji Nagar,Bengaluru Urban
Not Found,Richmond Town,Bengaluru Urban
560027,Shanti Nagar,Bengaluru Urban
560029,Hombegowda Nagar,Bengaluru Urban
560078,JP Nagar Phase 3,Bengaluru Urban
560078,JP Nagar Phase 4,Bengaluru Urban
560076,Bilekahalli,Bengaluru Urban
560061,Saravabhomya Nagar,Bengaluru Urban
560083,Dodda Kammanahalli,Bengaluru Urban
560083,Ckikkakammana Halli,Bengaluru Urban
560083,Hommadevanahalli,Bengaluru Urban
560105,Nallasandra,Bengaluru Urban
560105,Mahanthalingapura,Bengaluru Urban
562157,Papanahalli,Bengaluru Urban
562157,Bettahalasur,Bengaluru Urban
562157,Hunasamaranahalli,Bengaluru Urban
560064,Kogilu,Bengaluru Urban
560064,Nehru Nagar Yelahanka,Bengaluru Urban
560092,Byatarayanapura,Bengaluru Urban
560092,Amrutahalli,Bengaluru Urban
560032,Viswanatha Nagenahalli,Bengaluru Urban
560032,Cholanayakanahalli,Bengaluru Urban
560032,Manorayanapalya,Bengaluru Urban
560032,Chamundi Nagar,Bengaluru Urban
560032,Sultanpalya,Bengaluru Urban
560032,Dinnur,Bengaluru Urban
560032,Kaval Baira Sandra,Bengaluru Urban
560045,Devarajeevana Halli,Bengaluru Urban
Not Found,Benson Town,Bengaluru Urban
560046,Jayamahal Extension,Bengaluru Urban
560029,New Gurappanapalya,Bengaluru Urban
560029,BTM Layout Stage 1,Bengaluru Urban
560076,BTM Layout Stage 2,Bengaluru Urban
562106,Bagganadoddi,Bengaluru Urban
560064,Palanahalli,Bengaluru Urban
560024,Dasarahalli Near Hebbal,Bengaluru Urban
560029,Sadduguntepalya,Bengaluru Urban
560064,Jakkuru,Bengaluru Urban
560024,Bhuvaneshwari Nagar,Bengaluru Urban
562130,Thavarekere,Bengaluru Urban
560076,Mulki Sundar Ram Shetty Nagar,Bengaluru Urban
560076,Devarachikannahalli,Bengaluru Urban
560076,Yelenahalli,Bengaluru Urban
560076,Chandrasekarapura,Bengaluru Urban
560068,Mylasandra,Bengaluru Urban
571314,Hullahalli,Bengaluru Urban
560083,Sakalawara,Bengaluru Urban
560083,Hullukasavanahalli,Bengaluru Urban
583132,Bukkasagara,Bengaluru Urban
560064,Chokkanahalli Near Kadigenahalli,Bengaluru Urban
560063,Kattigenahalli,Bengaluru Urban
560045,Thanisandra,Bengaluru Urban
560045,Nagavara,Bengaluru Urban
560032,Kanaka Nagar Hebbal,Bengaluru Urban
560058,Kaveri Nagar,Bengaluru Urban
560005,Frazer Town,Bengaluru Urban
560042,Sivanchetti Gardens,Bengaluru Urban
473331,Ashok Nagar,Bengaluru Urban
560047,Xavier Layout,Bengaluru Urban
560047,Nilsandra,Bengaluru Urban
560030,Adugodi,Bengaluru Urban
560095,Koramangala,Bengaluru Urban
560068,BTM Layout Stage 4,Bengaluru Urban
560076,Royal Residency Layout,Bengaluru Urban
560105,J Bingipura,Bengaluru Urban
462023,Govindpura,Bengaluru Urban
560045,Kadugondanahalli,Bengaluru Urban
560076,Kodichikkanahalli,Bengaluru Urban
562106,Thammanaikanahalli,Bengaluru Urban
561205,Sonnappanahalli,Bengaluru Urban
560068,Madivala,Bengaluru Urban
560043,Kadugondana Halli Stage 1,Bengaluru Urban
560070,Nisarga Layout,Bengaluru Urban
560084,Richards Town,Bengaluru Urban
560007,Victoria Layout,Bengaluru Urban
560060,Ramasandra Anekal Taluka,Bengaluru Urban
560083,Amani Bidarakere,Bengaluru Urban
562107,Giddenahalli Anekal Taluka,Bengaluru Urban
563135,Srinivasapur,Bengaluru Urban
560064,Sampigehalli,Bengaluru Urban
560077,Hegde Nagar,Bengaluru Urban
560043,HBR Layout,Bengaluru Urban
560084,Lingarajapura,Bengaluru Urban
560005,Cooke Town,Bengaluru Urban
560005,Cox Town,Bengaluru Urban
560008,Ulsoor,Bengaluru Urban
560094,Nagashettyhalli,Bengaluru Urban
560047,Viveka Nagar,Bengaluru Urban
560068,Bommanahalli,Bengaluru Urban
560068,Hongasandra,Bengaluru Urban
583131,Harapanahalli,Bengaluru Urban
562157,Central Telecom Society,Bengaluru Urban
560100,Bettadasanapura,Bengaluru Urban
560105,Jigani,Bengaluru Urban
560105,Konasandra,Bengaluru Urban
572127,Kadigenahalli,Bengaluru Urban
562157,Chikkajala,Bengaluru Urban
560064,Chokkanahalli,Bengaluru Urban
560043,Kacharakanahalli,Bengaluru Urban
560095,Maruti Sevanagar,Bengaluru Urban
560071,Domlur,Bengaluru Urban
606105,Agaram,Bengaluru Urban
560047,Ejipura,Bengaluru Urban
560095,ST Bed Layout,Bengaluru Urban
560102,HSR Layout,Bengaluru Urban
560068,Begur,Bengaluru Urban
560100,Vittasandra,Bengaluru Urban
562157,Channahalli,Bengaluru Urban
562106,Bommandahalli,Bengaluru Urban
560090,Maranayakana Halli,Bengaluru Urban
562157,Bilmaranahalli,Bengaluru Urban
562149,Bellahalli,Bengaluru Urban
670001,Kannur,Bengaluru Urban
560064,Thirumenahalli North Taluka,Bengaluru Urban
560077,Kothnur Narayanapura,Bengaluru Urban
560043,Hennur Bande,Bengaluru Urban
560043,Hennuru,Bengaluru Urban
560043,Kalyan Nagar,Bengaluru Urban
560043,Kammanahalli,Bengaluru Urban
560043,Banaswadi,Bengaluru Urban
560038,Benaiganahalli,Bengaluru Urban
560038,Sarvagnanagar,Bengaluru Urban
560038,Indiranagar,Bengaluru Urban
560017,Challaghatta,Bengaluru Urban
560100,Hulimangala,Bengaluru Urban
560105,Nanjapura,Bengaluru Urban
560105,Bande Nalla Sandra,Bengaluru Urban
560103,Vabasandra,Bengaluru Urban
562106,Nosenur Gollahalli,Bengaluru Urban
560071,Embassy Golf Links Business Park,Bengaluru Urban
560068,Singasandra,Bengaluru Urban
560068,HAL Layout,Bengaluru Urban
560068,Basapura,Bengaluru Urban
560064,Thimmasandra Anekal Taluka,Bengaluru Urban
562106,Dyavasandra,Bengaluru Urban
572129,Hosahalli Near Kadigenahalli,Bengaluru Urban
562149,Mittaganahalli,Bengaluru Urban
562107,Chikkanahalli Near Hosur,Bengaluru Urban
560100,Chikkathoguru,Bengaluru Urban
560100,Doddathoguru,Bengaluru Urban
562106,Nosenur,Bengaluru Urban
562157,Huttanahalli,Bengaluru Urban
560103,Bellandur,Bengaluru Urban
560105,Haragadde,Bengaluru Urban
560077,Byrathi,Bengaluru Urban
560093,New Thippasandra,Bengaluru Urban
560093,CV Raman Nagar,Bengaluru Urban
560017,Rustum Garden,Bengaluru Urban
560105,Maragondahalli,Bengaluru Urban
562106,Adur Anekal Taluka,Bengaluru Urban
561203,Kolipura,Bengaluru Urban
560043,Hormavu,Bengaluru Urban
562149,Kadusonnappanahalli,Bengaluru Urban
671123,Kudlu,Bengaluru Urban
452011,Jagjeewan Ram Nagar,Bengaluru Urban
560099,Bommasandra,Bengaluru Urban
560077,Visthar,Bengaluru Urban
560017,Jivan Bima Nagar,Bengaluru Urban
563130,Seethanaikana Halli,Bengaluru Urban
560017,Murugeshpalya,Bengaluru Urban
560099,Hennagara,Bengaluru Urban
562106,Agasa Thimmanahalli,Bengaluru Urban
560077,Chikkagubbi,Bengaluru Urban
560077,Kyalasanahalli,Bengaluru Urban
560100,Naganathapura,Bengaluru Urban
560100,Konappana Agrahara,Bengaluru Urban
560093,GM Palya,Bengaluru Urban
560068,Parappana Agrahara,Bengaluru Urban
562106,Kumbaranahalli,Bengaluru Urban
560017,Konena Agrahara,Bengaluru Urban
560103,Haralur,Bengaluru Urban
562149,Chagalahatti,Bengaluru Urban
560077,Essel Gardens,Bengaluru Urban
560100,Thirupalya,Bengaluru Urban
560102,Ambalipura,Bengaluru Urban
562106,Suragajakkanahalli,Bengaluru Urban
560100,Gollahalli Near Bommasandra,Bengaluru Urban
560016,Duravani Nagar,Bengaluru Urban
560075,Jagadish Nagar,Bengaluru Urban
560035,Kasavanahalli,Bengaluru Urban
563126,Maasthenahalli,Bengaluru Urban
560016,Ramamurthi Nagar,Bengaluru Urban
560099,Rayasandra,Bengaluru Urban
140401,Rajapura,Bengaluru Urban
562110,Meesaganahalli,Bengaluru Urban
560043,Kalkere South Taluka,Bengaluru Urban
560048,Mahadevapura,Bengaluru Urban
560099,Yarandahalli,Bengaluru Urban
560017,Jyothi Nagar,Bengaluru Urban
560099,Yerandanahalli Industrial Area,Bengaluru Urban
562149,Doddenahalli,Bengaluru Urban
560099,Choodasandra,Bengaluru Urban
577243,Lingapura,Bengaluru Urban
560108,Lal Bahadur Shastri Nagar,Bengaluru Urban
562106,Honnakalasapura,Bengaluru Urban
562106,Gowrenahalli,Bengaluru Urban
571455,Gummanahalli,Bengaluru Urban
560075,Kaggadasapura,Bengaluru Urban
560017,Vimanapura,Bengaluru Urban
560100,Doddanagamangala,Bengaluru Urban
560100,Veerasandra,Bengaluru Urban
562106,A Medihalli,Bengaluru Urban
560075,Malleshpalya,Bengaluru Urban
560105,Kachanaikanahalli,Bengaluru Urban
562106,Soppahalli,Bengaluru Urban
562149,Boilahalli,Bengaluru Urban
562106,Anekal,Bengaluru Urban
562149,Mahadevakodigehalli,Bengaluru Urban
560016,K Channasandra,Bengaluru Urban
560035,Amrita Nagar,Bengaluru Urban
560099,Hebbagodi,Bengaluru Urban
560032,Kanaka Nagar,Bengaluru Urban
560035,Kaikondahalli,Bengaluru Urban
562106,Hinnakki,Bengaluru Urban
560103,Kariyammana Agrahara,Bengaluru Urban
562159,Kempavaderahalli,Bengaluru Urban
560037,Vignan Nagar,Bengaluru Urban
560037,Basava Nagar,Bengaluru Urban
440027,Omkar Nagar,Bengaluru Urban
562106,Patnagere Gollahalli,Bengaluru Urban
562149,Chokkanahalli Near Marenahalli,Bengaluru Urban
221001,Varanasi,Bengaluru Urban
560037,Marathahalli,Bengaluru Urban
560099,Gattahalli,Bengaluru Urban
560099,Gulimangala,Bengaluru Urban
151103,Rampura,Bengaluru Urban
562106,Sidihosakote,Bengaluru Urban
562149,Bandikodige Halli,Bengaluru Urban
562106,Hasaruvani,Bengaluru Urban
562106,Chudenahalli,Bengaluru Urban
560036,KR Puram,Bengaluru Urban
560037,Doddanekundi,Bengaluru Urban
560035,Doddakannalli,Bengaluru Urban
560103,Kadabeesanahalli,Bengaluru Urban
562106,Ramakrishnapura,Bengaluru Urban
562106,Dodda Hagade,Bengaluru Urban
560103,Devara Beesana Halli,Bengaluru Urban
562125,Kada Agrahara,Bengaluru Urban
562149,Yerappanahalli,Bengaluru Urban
560049,KC Krishna Reddy Layout,Bengaluru Urban
560103,Bhoganahalli,Bengaluru Urban
560099,Hadosiddapura,Bengaluru Urban
560099,Chikkanagamangala,Bengaluru Urban
401609,Suryanagar,Bengaluru Urban
562106,Iggalur,Bengaluru Urban
562106,Byagadadenahalli,Bengaluru Urban
562106,Kunmadivala,Bengaluru Urban
562106,Kammasandra Agrahara,Bengaluru Urban
562106,Chikka Hagade,Bengaluru Urban
562106,Amani Doddakere,Bengaluru Urban
562106,Kaval Hosahalli,Bengaluru Urban
562106,Hompalaghatta,Bengaluru Urban
572142,Yadiyuru,Bengaluru Urban
562149,Maralakunte,Bengaluru Urban
562107,Halehalli South Taluka,Bengaluru Urban
560036,Battarahalli,Bengaluru Urban
560099,Gottamaranahalli,Bengaluru Urban
560035,Carmelaram,Bengaluru Urban
560099,Andapura,Bengaluru Urban
560037,Munekolala,Bengaluru Urban
560099,Chintalmadivala,Bengaluru Urban
560099,Singena Agrahara,Bengaluru Urban
560099,Ramasagara,Bengaluru Urban
562107,Laxmi Sagara,Bengaluru Urban
560099,Muthanallur,Bengaluru Urban
560099,Chandapura,Bengaluru Urban
562107,Thirumagondanahalli,Bengaluru Urban
562107,Marasur,Bengaluru Urban
562107,Avadadenahalli,Bengaluru Urban
562107,Aravantigepura,Bengaluru Urban
562107,Haldenahalli,Bengaluru Urban
577429,Bidaragere,Bengaluru Urban
560079,Kurubarahatti,Bengaluru Urban
562106,Muthagatti,Bengaluru Urban
562106,Gudnahalli,Bengaluru Urban
562114,Manchapana Halli,Bengaluru Urban
562149,M Hosahalli,Bengaluru Urban
587125,Gundur,Bengaluru Urban
560100,Kammasandra South Taluka,Bengaluru Urban
560049,Byappanahalli South Taluka,Bengaluru Urban
560049,Bidarahalli,Bengaluru Urban
560049,Cheemasandra,Bengaluru Urban
560049,Kithiganur,Bengaluru Urban
560049,Medahalli,Bengaluru Urban
560048,Hoodi,Bengaluru Urban
560066,Whitefield,Bengaluru Urban
560037,Kundalhalli,Bengaluru Urban
560037,AECS Layout,Bengaluru Urban
560066,Thubarahalli,Bengaluru Urban
560087,Balagere,Bengaluru Urban
560103,Panathur,Bengaluru Urban
560087,Gunjur Palya,Bengaluru Urban
560035,Chikkabellandur,Bengaluru Urban
560057,Chokkasandra,Bengaluru Urban
562106,Avalahalli Anekal Taluka,Bengaluru Urban
562107,Madivala Village,Bengaluru Urban
560048,Mahadevapura Zone,Bengaluru Urban
562149,Challamakunte,Bengaluru Urban
Not Found,Gunjur,Bengaluru Urban
562107,Thattanahalli,Bengaluru Urban
577589,Singrahalli,Bengaluru Urban
560099,Narayanaghatta,Bengaluru Urban
562107,Neralur,Bengaluru Urban
562107,Bestammanahalli,Bengaluru Urban
562129,Kattugollahalli,Bengaluru Urban
562107,Balagaranahalli,Bengaluru Urban
562106,Submangala,Bengaluru Urban
581329,Siddapura,Bengaluru Urban
562107,Guddahatti,Bengaluru Urban
560061,Hittharahalli,Bengaluru Urban
562129,Mandur,Bengaluru Urban
560087,Kachamaranahalli,Bengaluru Urban
562101,Sulikunte,Bengaluru Urban
562107,Marasur Agrahara,Bengaluru Urban
577515,Shettihalli Village,Bengaluru Urban
562129,Bendiganahalli Anekal Taluka,Bengaluru Urban
560099,Gopasandra,Bengaluru Urban
562149,Manchappanahosahalli,Bengaluru Urban
562106,Channena Agrahara,Bengaluru Urban
562149,Gollahalli,Bengaluru Urban
562107,Rachamanahalli,Bengaluru Urban
562129,Bhudhigere,Bengaluru Urban
562129,Shringaripura,Bengaluru Urban
562107,Ali Bommasandra,Bengaluru Urban
562107,Itchangur,Bengaluru Urban
562129,Budigere,Bengaluru Urban
562125,Kommasandra,Bengaluru Urban
562107,M Medihalli,Bengaluru Urban
560087,Devasthanagalu,Bengaluru Urban
560087,Varthur Near Marattahalli,Bengaluru Urban
560060,Kamblipura,Bengaluru Urban
562129,Bommenahalli,Bengaluru Urban
560049,Veerenahalli,Bengaluru Urban
562107,Samandur,Bengaluru Urban
635110,Komaranapalli,Bengaluru Urban
560064,Thirumenahalli South Taluka,Bengaluru Urban
562129,Jothipura,Bengaluru Urban
560065,Kodigehalli South Taluka,Bengaluru Urban
560067,Konadasapura,Bengaluru Urban
560067,Belatur,Bengaluru Urban
560093,Thippasandra,Bengaluru Urban
560087,Chikkavaderapura,Bengaluru Urban
560099,Chikkathimmasandra,Bengaluru Urban
562125,Samanahalli,Bengaluru Urban
562107,Yadavanahalli,Bengaluru Urban
562107,Krishnasagara,Bengaluru Urban
562125,Muthasandra,Bengaluru Urban
572221,Mayasandra,Bengaluru Urban
562107,Halehalli Anekal Taluka,Bengaluru Urban
562129,Hancharahalli,Bengaluru Urban
571601,Manchanahalli,Bengaluru Urban
560087,Halasahalli Thippasandra,Bengaluru Urban
562129,Nimbekaipura,Bengaluru Urban
560067,Kumbena Agrahara,Bengaluru Urban
562107,Adigondanahalli,Bengaluru Urban
562129,Bendiganahalli,Bengaluru Urban
562107,Kodlipura,Bengaluru Urban
562107,Jigala,Bengaluru Urban
560066,Hagadur,Bengaluru Urban
562125,Thigala Chowdadenahalli,Bengaluru Urban
560066,Immadihalli,Bengaluru Urban
562114,Handenahalli,Bengaluru Urban
445301,Balaji Nagar,Bengaluru Urban
560062,Raghuvanahalli South Taluka,Bengaluru Urban
562157,Kannamangala,Bengaluru Urban
571450,Sollepura,Bengaluru Urban
561203,Lagumenahalli,Bengaluru Urban
560049,Sannatammanahalli,Bengaluru Urban
560067,Kadugodi,Bengaluru Urban
560049,Kadagrahara,Bengaluru Urban
562107,Harohalli Near Hosur,Bengaluru Urban
562107,Bhaktipura,Bengaluru Urban
560062,Raghuvanhalli,Bengaluru Urban
562129,Katamnallur,Bengaluru Urban
560067,Vastu Bhoomi,Bengaluru Urban
560067,Chaitanya Ananya Seegehalli,Bengaluru Urban
560067,Channasandra Whitefield,Bengaluru Urban
560066,Nagondanahalli,Bengaluru Urban
560087,Valepura,Bengaluru Urban
562106,Chikkanekkundi,Bengaluru Urban
560085,Kathriguppe,Bengaluru Urban
562125,Chambenahalli,Bengaluru Urban
562125,Volagerekallahalli,Bengaluru Urban
562125,Yamare,Bengaluru Urban
563103,Kotiganahalli,Bengaluru Urban
562107,Attibele,Bengaluru Urban
562107,Dasanapura Near Hosur,Bengaluru Urban
635126,Kothagondapalli,Bengaluru Urban
560067,Koralur,Bengaluru Urban
562125,Nekkundi Dommasandra,Bengaluru Urban
560087,Neriga,Bengaluru Urban
562125,Chikkadasarahalli,Bengaluru Urban
562125,Ittangur,Bengaluru Urban
562125,Tyayakana Halli,Bengaluru Urban
562125,BEML Cooperative Society Layout,Bengaluru Urban
562107,Arenur,Bengaluru Urban
500081,Hi Tech City,Bengaluru Urban
562125,Sarjapura,Bengaluru Urban
587117,Ballur,Bengaluru Urban
560066,Nagondanhalli,Bengaluru Urban
560067,Samethanahalli,Bengaluru Urban
562114,Hoskote  Amnikere,Bengaluru Urban
577511,Janthagondanahalli,Bengaluru Urban
560067,Bhaktharahalli,Bengaluru Urban
562107,Chikkanahalli Anekal Taluka,Bengaluru Urban
562125,Gonighattapura,Bengaluru Urban
562125,Billapura,Bengaluru Urban
562107,Bidaraguppe,Bengaluru Urban
562114,Doddagattiganabbe,Bengaluru Urban
562114,Poojena Agrahara,Bengaluru Urban
560060,Chikkanahalli,Bengaluru Urban
562125,Nagen Agrahara,Bengaluru Urban
562125,Doddathimmasandra,Bengaluru Urban
562125,Adigarakallahalli,Bengaluru Urban
560043,Kamanahalli,Bengaluru Urban
562125,Thindlu Near Sarjapura,Bengaluru Urban
515331,Beerepalli,Bengaluru Urban
577554,Chikkamanahalli Village,Bengaluru Urban
562125,Kugur,Bengaluru Urban
563160,Byalahalli,Bengaluru Urban
562106,Telagarahalli,Bengaluru Urban
562149,Huvinayakanahalli,Bengaluru Urban
560089,Madappanahalli Anekal Taluka,Bengaluru Urban
562125,Mugalur,Bengaluru Urban
562125,Panditana Agrahara,Bengaluru Urban
562125,Deshapande Guttahalli,Bengaluru Urban
560037,Chinnappanahalli,Bengaluru Urban
828403,Chandrapura,Bengaluru Urban
562125,Gullakaipura,Bengaluru Urban
562129,Chikka Amanikere,Bengaluru Urban
344022,Gandhipura,Bengaluru Urban
560074,Chikkellur,Bengaluru Urban
571109,Hampapura,Bengaluru Urban
560089,Kukkanahalli,Bengaluru Urban
560089,Shamabhattara Palya,Bengaluru Urban
560089,Gopalapura,Bengaluru Urban
560100,Huskur North Taluka,Bengaluru Urban
562123,Huchana Palya,Bengaluru Urban
562123,Mariyanapalya,Bengaluru Urban
562123,Pillahalli,Bengaluru Urban
562123,Dasanapura,Bengaluru Urban
562162,Narayanappana Palya,Bengaluru Urban
562162,Gejjagadahalli,Bengaluru Urban
560100,Kammasandra North Taluka,Bengaluru Urban
562123,Bettahalli,Bengaluru Urban
562130,Byandahalli,Bengaluru Urban
562130,Kadabagere,Bengaluru Urban
562130,Channenahalli,Bengaluru Urban
560060,M Krishnasagara,Bengaluru Urban
560060,Maragondanahalli South Taluka,Bengaluru Urban
560060,Bheemanakuppe,Bengaluru Urban
562130,Seegehalli South Taluka,Bengaluru Urban
571602,Thippur,Bengaluru Urban
560089,Totagere,Bengaluru Urban
562123,Honnasandra,Bengaluru Urban
562123,Seshagiri Rao Palya,Bengaluru Urban
560060,Kodipalya Near Vaderahalli North Taluka,Bengaluru Urban
562162,Adakamaranahalli,Bengaluru Urban
562162,Harokyathanahalli,Bengaluru Urban
562162,Kadaranahalli,Bengaluru Urban
560060,Kannahalli,Bengaluru Urban
560060,Sulikere,Bengaluru Urban
560074,Kumbalagodu Gollahalli,Bengaluru Urban
560097,Vaderahalli North Taluka,Bengaluru Urban
562123,Mathahalli,Bengaluru Urban
562130,Machohalli,Bengaluru Urban
562123,Agrahara Palya,Bengaluru Urban
573213,Alur Village,Bengaluru Urban
562123,Heggadadevanapura,Bengaluru Urban
562123,Siddanahosahalli,Bengaluru Urban
560082,Vasanthanahalli,Bengaluru Urban
560060,Chalaghatta,Bengaluru Urban
562123,Rampalya,Bengaluru Urban
560068,Maruthi Nagar,Bengaluru Urban
845107,Valmiki Nagar,Bengaluru Urban
560061,Gowdanapalya,Bengaluru Urban
560026,JJR Nagar South,Bengaluru Urban
560062,Doddakallasandra,Bengaluru Urban
560026,JJR Nagar North,Bengaluru Urban
560004,VV Puram,Bengaluru Urban
560077,Geddalahalli,Bengaluru Urban
560021,Oaklypuram,Bengaluru Urban
560094,Ashwath Nagar,Bengaluru Urban
560043,Keshava Nagar,Bengaluru Urban
560050,Gavipuram Extension,Bengaluru Urban
560062,Golahalli,Bengaluru Urban
560094,RMV Extension Stage 2,Bengaluru Urban
560026,Avalahalli,Bengaluru Urban
560076,Nobo Nagar,Bengaluru Urban
560076,Amalodbhavi Nagar,Bengaluru Urban
560076,Panduranga Nagar,Bengaluru Urban
560029,Old Gurappanapalya,Bengaluru Urban
560032,Kaval Baira Sandra Extension,Bengaluru Urban
Not Found,Jogupalya,Bengaluru Urban
560043,Hennur Village,Bengaluru Urban
562114,Thiruvaranga,Bengaluru Urban
562125,Bikkanahalli,Bengaluru Urban
560066,Ramagondanahalli South Taluka,Bengaluru Urban
562125,Dommasandra,Bengaluru Urban
560003,Guttahalli,Bengaluru Urban
562129,Shankanipura,Bengaluru Urban
560064,Thirumenahalli,Bengaluru Urban
560064,Seeganaikanahalli,Bengaluru Urban
635126,Zuzuvadi,Bengaluru Urban
752064,Kursthanapalli,Bengaluru Urban
562123,Bettahalli,Bangalore Rural
562126,Kanchanahalli,Bangalore Rural
560091,Byadarahalli,Bangalore Rural
562123,K.Kempalinganahalli,Bangalore Rural
562123,Mallarabanavadi,Bangalore Rural
560058,Vaddarapalya,Bangalore Rural
562162,Kodappanahalli,Bangalore Rural
562123,Kempalingana Halli,Bangalore Rural
562123,Sondekoppa,Bangalore Rural
560015,Mallasandra North Taluka,Bangalore Rural
562123,Basavanahalli,Bangalore Rural
560038,Indira Nagar,Bangalore Rural
575006,Lohith Nagar,Bangalore Rural
562123,Kempalinganahalli,Bangalore Rural
562123,Vishveshpura,Bangalore Rural
582115,Venkatapura,Bangalore Rural
562123,Byregowdanahalli,Bangalore Rural
562123,Narasimanapalya,Bangalore Rural
416406,Madhav Nagar,Bangalore Rural
110094,Jyoti Nagar,Bangalore Rural
562162,Bolamaranahalli,Bangalore Rural
562162,Hunnigere,Bangalore Rural
562123,Mylanahalli,Bangalore Rural
562123,Vijaya Vittala Nagar,Bangalore Rural
562162,Mallapura,Bangalore Rural
560034,Venkatapura North Taluka,Bangalore Rural
562123,Bethanagere,Bangalore Rural
562123,Koolipura,Bangalore Rural
560017,Vinayaka Nagar,Bangalore Rural
560036,Krishnarajapura,Bangalore Rural
560080,Sadashiva Nagar,Bangalore Rural
562123,Syadamipalya,Bangalore Rural
562123,Hydalu,Bangalore Rural
560062,Vajarahalli,Bangalore Rural
562123,Hullegowdanahalli,Bangalore Rural
563135,Srinivasapura,Bangalore Rural
562123,Bommasettihalli,Bangalore Rural
562123,Narasi Palya,Bangalore Rural
562123,Pillahalli,Bangalore Rural
560008,Kodihalli,Bangalore Rural
562111,Dasenahalli,Bangalore Rural
560089,Hesaraghatta Grass Farm,Bangalore Rural
577589,Singrahalli,Bangalore Rural
562129,Kondenahalli,Bangalore Rural
562149,Bhatramarenahalli,Bangalore Rural
562129,Budigere,Bangalore Rural
562129,Kaggalahalli,Bangalore Rural
562129,Bhudhigere,Bangalore Rural
562129,Handrahalli,Bangalore Rural
560061,Hittharahalli,Bangalore Rural
560064,Thirumenahalli South Taluka,Bangalore Rural
560064,Thirumenahalli,Bangalore Rural
562129,Gangavara Chowdappana  Halli,Bangalore Rural
562129,Somathanahalli,Bangalore Rural
562129,Bendiganahalli,Bangalore Rural
562129,Hasigala,Bangalore Rural
560064,Thimmasandra,Bangalore Rural
562129,Jothipura,Bangalore Rural
562129,Shankanipura,Bangalore Rural
562125,Gullakaipura,Bangalore Rural
562106,Chikkanekkundi,Bangalore Rural
563121,Kammasandra,Bangalore Rural
562114,Shivadenahalli,Bangalore Rural
572102,Upparhalli,Bangalore Rural
562129,Chikka Amanikere,Bangalore Rural
562129,Katamnallur,Bangalore Rural
562125,Muthasandra,Bangalore Rural
560103,Vabasandra,Bangalore Rural
560067,Koralur,Bangalore Rural
562114,Thirumalasettihalli,Bangalore Rural
560003,Guttahalli,Bangalore Rural
560015,Mallasandra,Bangalore Rural
571428,Chansandra,Bangalore Rural
560067,Samethanahalli,Bangalore Rural
562125,Nekkundi Dommasandra,Bangalore Rural
577511,Janthagondanahalli,Bangalore Rural
562107,Attibele,Bangalore Rural
562129,Yenagunte,Bangalore Rural
562114,Sonnahallipura,Bangalore Rural
571105,Kallahalli,Bangalore Rural
561213,Kumbalahalli,Bangalore Rural
562114,Doddagattiganabbe,Bangalore Rural
560067,Bhaktharahalli,Bangalore Rural
562114,Poojena Agrahara,Bangalore Rural
560029,KEB Colony,Bangalore Rural
562114,Pethanahalli,Bangalore Rural
560079,Kurubarhalli,Bangalore Rural
248001,Kurbura Perta,Bangalore Rural
600125,Kamakasi Nagar,Bangalore Rural
562125,Nagen Agrahara,Bangalore Rural
Not Found,Parvathipur,Bangalore Rural
560067,Naduvathi,Bangalore Rural
562114,Muthkur,Bangalore Rural
560017,Vinayak Nagar,Bangalore Rural
560067,Appajipura,Bangalore Rural
110040,Gautam Colony,Bangalore Rural
560024,Kempapura,Bangalore Rural
562129,Sadappanahalli,Bangalore Rural
110030,Ambedkar Colony,Bangalore Rural
562114,Bhodanahosahalli,Bangalore Rural
562125,Gonighattapura,Bangalore Rural
560067,Sonnadenahalli,Bangalore Rural
562114,Hemmandahalli,Bangalore Rural
560060,Kamblipura,Bangalore Rural
560070,Nisarga Layout,Bangalore Rural
577554,Chikkamanahalli Village,Bangalore Rural
562125,Sompura,Bangalore Rural
562114,Hullur Amanikere,Bangalore Rural
Not Found,Santhe,Bangalore Rural
560089,Madappanahalli,Bangalore Rural
562114,Dodupalya,Bangalore Rural
515286,Vardapura,Bangalore Rural
573217,Bylahalli,Bangalore Rural
562129,Giddappanahalli,Bangalore Rural
562114,Chokkahalli,Bangalore Rural
562114,Chikkahullur,Bangalore Rural
562114,Doddahullur,Bangalore Rural
562114,Cheemandahalli,Bangalore Rural
572111,Jinnagara,Bangalore Rural
577515,Devasettihalli,Bangalore Rural
562114,Bisanahalli,Bangalore Rural
560043,Kacharakanahalli,Bangalore Rural
562114,Doddadunnasandra,Bangalore Rural
563128,Muthakadahalli,Bangalore Rural
560064,Seeganaikanahalli,Bangalore Rural
560089,Madappanahalli Anekal Taluka,Bangalore Rural
560045,Venkateshapura,Bangalore Rural
562125,Deshapande Guttahalli,Bangalore Rural
621804,Thathnur,Bangalore Rural
560087,Valepura,Bangalore Rural
562135,Karapanahalli,Bangalore Rural
560089,Mailappana Halli,Bangalore Rural
562114,Kembaliganahalli,Bangalore Rural
562114,Mugabala,Bangalore Rural
562114,Mugabala Hosahalli,Bangalore Rural
572222,Virapura,Bangalore Rural
562114,Doddanallurahalli,Bangalore Rural
572218,Dabbagunte,Bangalore Rural
562114,Doddanallala,Bangalore Rural
562114,Doddathaggali,Bangalore Rural
562114,Chikkathaggali,Bangalore Rural
562114,Taggali Hosa Halli,Bangalore Rural
577432,Tirthahalli,Bangalore Rural
585212,Gangapura,Bangalore Rural
560063,Kattigenahalli,Bangalore Rural
580201,Thimmapura,Bangalore Rural
560022,Yeshwanthapura,Bangalore Rural
563133,Appasandra,Bangalore Rural
562114,Chikkanallurahalli,Bangalore Rural
560089,Kallodu,Bangalore Rural
560089,Kukkanahalli,Bangalore Rural
560089,Shastri Palya,Bangalore Rural
562122,Mothakadahalli,Bangalore Rural
586101,Vijayapura,Bangalore Rural
562114,Devara Gollahalli,Bangalore Rural
562114,Bommanabande,Bangalore Rural
563139,Pichaguntrahalli,Bangalore Rural
562135,Hosadimbahalli,Bangalore Rural
562135,K.Sathyawara,Bangalore Rural
562149,Doddenahalli,Bangalore Rural
581329,Siddapura,Bangalore Rural
571431,Nakkanahalli,Bangalore Rural
562114,Mylapura,Bangalore Rural
562114,Nidagatta,Bangalore Rural
562114,Thavatahalli,Bangalore Rural
560102,Ambalipura,Bangalore Rural
562114,Gonakanahalli,Bangalore Rural
562114,Kurubara Gollahalli,Bangalore Rural
560097,Thindlu,Bangalore Rural
562114,Narayankere,Bangalore Rural
563160,Lakkur,Bangalore Rural
563125,Madanahalli Venkatpura,Bangalore Rural
562149,Gollahalli,Bangalore Rural
562162,Shivanapura,Bangalore Rural
560089,Ramadevanahalli,Bangalore Rural
562123,Dasanapura,Bangalore Rural
560089,Gopalapura,Bangalore Rural
560089,Shamabhattara Palya,Bangalore Rural
562162,Gejjagadahalli,Bangalore Rural
562114,Banarahalli,Bangalore Rural
562129,Doddakoliga,Bangalore Rural
572221,Muttagadhalli,Bangalore Rural
560068,Begur,Bangalore Rural
562114,Malimakanapura,Bangalore Rural
562114,Cholappanahalli,Bangalore Rural
562114,Pillagumpe,Bangalore Rural
562114,Gottipura,Bangalore Rural
560103,Haralur,Bangalore Rural
562114,Jadigenahalli,Bangalore Rural
562114,Vadigehalli,Bangalore Rural
828403,Chandrapura,Bangalore Rural
562114,Vagata,Bangalore Rural
562114,Honachanahalli,Bangalore Rural
562114,Paramanahalli,Bangalore Rural
562106,Medihalli,Bangalore Rural
562114,Handenahalli,Bangalore Rural
562114,Ganagalur,Bangalore Rural
573111,Bagur,Bangalore Rural
587125,Gundur,Bangalore Rural
571425,Maramgere,Bangalore Rural
560045,Govindapura,Bangalore Rural
Not Found,Sonnebychanahalli,Bangalore Rural
562114,Dasarahalli,Bangalore Rural
600099,Kolathur,Bangalore Rural
562114,Thiruvaranga,Bangalore Rural
562114,Bheemakkanahalli,Bangalore Rural
562114,Attivatta,Bangalore Rural
581358,Mattahalli,Bangalore Rural
562114,Jadigenhalli Forest,Bangalore Rural
572129,Karibirana Hosahalli,Bangalore Rural
562114,Kamarasanahalli,Bangalore Rural
562129,Hanchara Halli,Bangalore Rural
560068,Bonahalli,Bangalore Rural
560097,Tindlu Forest,Bangalore Rural
562114,Lingadeeramallasandra,Bangalore Rural
563160,Chikkathirupathy,Bangalore Rural
560043,Kalkere,Bangalore Rural
571102,Bhuvanahalli,Bangalore Rural
560099,Chanapura,Bangalore Rural
563160,Anchemuskur,Bangalore Rural
562160,Komananahalli,Bangalore Rural
560087,Halasahalli,Bangalore Rural
561205,Nagarenahalli,Bangalore Rural
562129,Chikkakoliga,Bangalore Rural
572219,Jeeganahalli,Bangalore Rural
562114,Vagata Agrahara,Bangalore Rural
515871,Kanekallu,Bangalore Rural
571445,Devalapura,Bangalore Rural
562125,Panditana Agrahara,Bangalore Rural
563130,Channigarayapura,Bangalore Rural
562106,Vanamanahalli,Bangalore Rural
562125,Mugalur,Bangalore Rural
563160,Dommalur,Bangalore Rural
500072,Housing Board Colony,Bangalore Rural
562157,Kannamangala,Bangalore Rural
560062,Raghuvanhalli,Bangalore Rural
560060,Chikkanahalli,Bangalore Rural
562114,Chinnandahalli,Bangalore Rural
142049,Tharaj Layout,Bangalore Rural
571475,Kodipura,Bangalore Rural
560066,Nagondanahalli,Bangalore Rural
560067,Belathur,Bangalore Rural
